{
  "n_eval": 5000,
  "rl2_G_mean": 0.04297707974910736,
  "rl2_eps_mean": 81972.2734375,
  "ring_rl2_mean": 0.003820368554443121,
  "ssim_G_mean": 0.995999813079834,
  "ssim_eps_mean": 0.9614805579185486,
  "expansion_auc": 1.0,
  "A_recovered_mean": 179528.453125,
  "A_relative_err": 52080.51953125
}