{
  "train": [
    4.227159364101214,
    3.85583542401974,
    3.759538567983187,
    3.6832500252968225,
    3.599912395844093,
    3.502002333983397,
    3.3886331564340835,
    3.277144584900294,
    3.166423582113706,
    3.0952667624522476
  ],
  "val": [
    5.355152002970377,
    5.264718310038249,
    5.221576499938965,
    5.271014722188314,
    5.248130226135254,
    5.179641183217367,
    5.334028339385986,
    5.314464282989502,
    5.328856913248698,
    5.382388782501221
  ]
}