{
  "train_mse": [
    0.09719717736618641,
    0.05470132507765905,
    0.05180901795243605,
    0.049555451824114874,
    0.04793122788079274,
    0.04628475497548397,
    0.04376565638738565,
    0.04098665336958873,
    0.03813164697912259,
    0.03567062337429096,
    0.03328927799772758,
    0.03118191886311158,
    0.029493956468426265,
    0.028269644420689497,
    0.027559421598338164
  ],
  "train_rl2": [
    5.116585981387359,
    5.188912491385754,
    4.488698162711584,
    4.518623750943404,
    4.701521358428857,
    4.237647661413902,
    3.629058683529878,
    3.4394015100521917,
    3.5178204897122507,
    3.240697600902655,
    2.9817891877431135,
    2.918923177780249,
    2.8582516274391074,
    2.618298108379046,
    2.6048541577198567
  ],
  "val_mse": [
    0.060901820003986355,
    0.05370895725488663,
    0.050114912033081056,
    0.04849426612257957,
    0.04897569859027862,
    0.04881566187739372,
    0.049967235863208774,
    0.04961060485243797,
    0.05009722322225571,
    0.05100711306929588,
    0.05230860811471939,
    0.0550512552857399,
    0.05446303820610046,
    0.05530307865142822,
    0.05574672764539718
  ],
  "val_rl2": [
    8.2256033577919,
    5.751224090099335,
    2.463678647518158,
    2.5790399467945098,
    2.6593142166137693,
    1.861233508348465,
    2.2224284291267393,
    2.86669029211998,
    2.2790245668888094,
    2.069674530506134,
    2.139049409389496,
    2.073691148996353,
    1.6724953444004058,
    1.6844207797050477,
    1.9006125080585479
  ]
}