{
  "train": [
    0.41106111693382263,
    0.24127166557312013,
    0.20082626843452453,
    0.16223951733112335,
    0.14931129109859467,
    0.13531758044163386,
    0.12387728583812714,
    0.10874729055166245,
    0.09418333381414414,
    0.08254248855511348,
    0.07289636814594269,
    0.06711561112602552,
    0.06402056920528412,
    0.058926405092080435,
    0.05649817888935407,
    0.053260246256987255,
    0.051081797142823536,
    0.04950484299659729,
    0.048111602713664374,
    0.047249661366144814,
    0.046689157138268156,
    0.04608867451548576,
    0.04575494793057442,
    0.045469375302394234,
    0.04535219032565753
  ],
  "val": [
    0.25692901810010277,
    0.2211268178621928,
    0.17004048307736716,
    0.15667080561319988,
    0.13962453464667002,
    0.12419125556945801,
    0.10952583928902944,
    0.09583874225616455,
    0.08439807871977488,
    0.07273065060377121,
    0.06695445368687312,
    0.06019938429196676,
    0.05851091573635737,
    0.05351667294899622,
    0.0537074077129364,
    0.048914339790741605,
    0.04759339869022369,
    0.045946041891972225,
    0.04486479421456655,
    0.044103355358044306,
    0.04372074137131373,
    0.04321365679303805,
    0.04295168941219648,
    0.042841963072617846,
    0.04274652630090713
  ]
}