{
  "train": [
    1.0476736254692078,
    0.34579796687761943,
    0.2542020792166392,
    0.19644884932041168,
    0.16306192537148795,
    0.14484715376297633,
    0.12862495454152426,
    0.11804535537958145,
    0.10907101261615754,
    0.10284848103920619,
    0.09417645116647085,
    0.08837909024953843,
    0.08445733930667242,
    0.08037978080908458,
    0.07795029693841934,
    0.075343424787124,
    0.07321990638971329,
    0.07119224004944165,
    0.07018160207072893,
    0.06922972387075424,
    0.06845282418529193,
    0.0679516912897428,
    0.06753077187140782,
    0.06735907014211019,
    0.06721947862704596
  ],
  "val_asym": [
    0.6051100492477417,
    0.2686544954776764,
    0.2260247766971588,
    0.19301433861255646,
    0.18620803952217102,
    0.16985923051834106,
    0.15066151320934296,
    0.14080095291137695,
    0.13732995092868805,
    0.12311764806509018,
    0.11838216334581375,
    0.10729636996984482,
    0.10673868656158447,
    0.1022445410490036,
    0.10115060210227966,
    0.09890662878751755,
    0.09289228171110153,
    0.09127949923276901,
    0.09006024897098541,
    0.08851157128810883,
    0.08852709084749222,
    0.08812325447797775,
    0.08824049681425095,
    0.08783838152885437,
    0.08776499330997467
  ],
  "val_sym": [
    0.5997353196144104,
    0.251720666885376,
    0.2198335826396942,
    0.15215815603733063,
    0.12223528325557709,
    0.1031232550740242,
    0.08976714313030243,
    0.0822465568780899,
    0.07251396030187607,
    0.0689329132437706,
    0.060408566147089005,
    0.06086999922990799,
    0.054626528173685074,
    0.05447704344987869,
    0.05077650770545006,
    0.05076131969690323,
    0.050553951412439346,
    0.049029164016246796,
    0.04779728874564171,
    0.04868456721305847,
    0.04705718532204628,
    0.04693146422505379,
    0.04649241268634796,
    0.04652082175016403,
    0.046401187777519226
  ]
}