{
  "asym_only_on_asym": 0.04274652525782585,
  "asym_only_on_sym": 0.2049054056406021,
  "mixed_on_asym": 0.08776499330997467,
  "mixed_on_sym": 0.046401187777519226
}