{
  "fno_rl2": {
    "train": [
      1.035355419476827,
      0.29987714314460756,
      0.21125208099683127,
      0.17206437293688456,
      0.15616384295622507,
      0.14504314502080282,
      0.1362697995901108,
      0.12734737839301427,
      0.12032374352216721,
      0.11402468015750249,
      0.11022513643900553,
      0.10625915896892547,
      0.10356110467513402,
      0.10218252325057983,
      0.10160856717824936
    ],
    "val_asym": [
      0.5940508246421814,
      0.22230198979377747,
      0.1799897700548172,
      0.15917544066905975,
      0.14773525297641754,
      0.13635803759098053,
      0.12681587040424347,
      0.117815300822258,
      0.1118537038564682,
      0.10733993351459503,
      0.10300755500793457,
      0.10161202400922775,
      0.09887800365686417,
      0.09798742830753326,
      0.09769753366708755
    ],
    "val_sym": [
      0.5977435111999512,
      0.31697648763656616,
      0.2755856215953827,
      0.28293874859809875,
      0.2553703784942627,
      0.26046353578567505,
      0.24335509538650513,
      0.24458986520767212,
      0.2441205382347107,
      0.24527977406978607,
      0.2366129606962204,
      0.23184341192245483,
      0.234013170003891,
      0.2364974468946457,
      0.2357444316148758
    ]
  },
  "fno_mse": {
    "train": [
      0.07704408936699232,
      0.01284142083923022,
      0.006660029090940952,
      0.004894911344473561,
      0.003566005803023775,
      0.0029110511979088187,
      0.002494204335535566,
      0.002240241733690103,
      0.0020237718634307385,
      0.0018283969241504867,
      0.0016876787741978963,
      0.001571552298652629,
      0.0015035656650240223,
      0.0014651227525124947,
      0.001446984538498024
    ],
    "val_asym": [
      0.45434340834617615,
      0.23298978805541992,
      0.21713659167289734,
      0.1737392395734787,
      0.15361808240413666,
      0.13981887698173523,
      0.1298375427722931,
      0.12221964448690414,
      0.11574915796518326,
      0.11154183745384216,
      0.10663764923810959,
      0.10364720970392227,
      0.10234112292528152,
      0.10132444649934769,
      0.10087703168392181
    ],
    "val_sym": [
      0.4570920765399933,
      0.3333768844604492,
      0.32844939827919006,
      0.27343592047691345,
      0.2882920205593109,
      0.28599756956100464,
      0.2687021493911743,
      0.2542937695980072,
      0.24352999031543732,
      0.24197062849998474,
      0.2322060614824295,
      0.22576947510242462,
      0.22652137279510498,
      0.22490936517715454,
      0.22446507215499878
    ]
  },
  "fno_pde": {
    "train": [
      1.6845027872721354,
      0.9445327038764953,
      0.8165259515444437,
      0.7623615086873372,
      0.7558861355781555,
      0.7526035863558451,
      0.7493939337730408,
      0.7472438459396362,
      0.746137469291687,
      0.7451698444684347,
      0.745249387105306,
      0.7438656384150187,
      0.7436856253941854,
      0.743245083808899,
      0.7431912376085917
    ],
    "val_asym": [
      0.9177276492118835,
      0.8448585867881775,
      0.7938706874847412,
      0.7952694892883301,
      0.7696032524108887,
      0.7698871493339539,
      0.7802460193634033,
      0.7648121118545532,
      0.773219108581543,
      0.7663472294807434,
      0.7714682221412659,
      0.7686654925346375,
      0.7663828730583191,
      0.7667109966278076,
      0.7682964205741882
    ],
    "val_sym": [
      0.9229360222816467,
      0.8369114398956299,
      0.741150438785553,
      0.7411275506019592,
      0.7050075531005859,
      0.6964404582977295,
      0.7047603130340576,
      0.6844472289085388,
      0.6930761337280273,
      0.6836391091346741,
      0.6883887648582458,
      0.6844986081123352,
      0.6816492676734924,
      0.6817795038223267,
      0.6834504008293152
    ]
  },
  "fno_composite": {
    "train": [
      0.5616189954280854,
      0.36125553385416664,
      0.3120998872915904,
      0.2781623525619507,
      0.26550771578152976,
      0.25468746026357014,
      0.24240291889508564,
      0.22949008711179097,
      0.21918801287810008,
      0.21062805358568829,
      0.2044708419640859,
      0.2004122771024704,
      0.19797761551539103,
      0.196775714914004,
      0.19597386487325033
    ],
    "val_asym": [
      0.27306175231933594,
      0.21725615859031677,
      0.16974277794361115,
      0.15189999341964722,
      0.14709070324897766,
      0.13415458798408508,
      0.11496113985776901,
      0.10447827726602554,
      0.09493456035852432,
      0.08454589545726776,
      0.07915635406970978,
      0.07526183873414993,
      0.07310038059949875,
      0.07293707877397537,
      0.07252389937639236
    ],
    "val_sym": [
      0.28588736057281494,
      0.298056036233902,
      0.23730486631393433,
      0.2608988583087921,
      0.232418492436409,
      0.2210356891155243,
      0.2113684117794037,
      0.19791828095912933,
      0.1963314414024353,
      0.19702079892158508,
      0.2001544088125229,
      0.20000514388084412,
      0.20041616261005402,
      0.201592355966568,
      0.20174671709537506
    ]
  },
  "siren_rl2": {
    "train": [
      0.7126899420022964,
      0.23599936286608378,
      0.20208753629525503,
      0.1718531708319982,
      0.1477886841694514,
      0.1233781950076421,
      0.1076840913494428,
      0.09816908291975657,
      0.09266362398862839,
      0.08663736337423325,
      0.07979435716072718,
      0.07427286034822464,
      0.07017269605398178,
      0.06704914965232213,
      0.06518482726812362
    ],
    "val_asym": [
      0.2579752504825592,
      0.22320348024368286,
      0.17715805768966675,
      0.16565315425395966,
      0.12956927716732025,
      0.11471660435199738,
      0.10282277315855026,
      0.09329976886510849,
      0.09601367264986038,
      0.08559317886829376,
      0.07996926456689835,
      0.07532072812318802,
      0.07253758609294891,
      0.07131658494472504,
      0.07067395746707916
    ],
    "val_sym": [
      0.3179604113101959,
      0.29807329177856445,
      0.24948598444461823,
      0.2340974360704422,
      0.19565661251544952,
      0.17762558162212372,
      0.16620153188705444,
      0.1504395753145218,
      0.1500481218099594,
      0.15298475325107574,
      0.14477911591529846,
      0.14404316246509552,
      0.14199167490005493,
      0.13969121873378754,
      0.13944000005722046
    ]
  },
  "siren_mse": {
    "train": [
      0.06579149217655261,
      0.007370285592973232,
      0.004550302479416132,
      0.0031463594119995834,
      0.0023273645117878913,
      0.0017697121500968934,
      0.0013790029001732667,
      0.0011808999332909784,
      0.001031553689390421,
      0.0008804358762378494,
      0.0007969961424047748,
      0.0007365568461827934,
      0.0006930564607804021,
      0.0006651766304858029,
      0.0006450409206251303
    ],
    "val_asym": [
      0.2795339822769165,
      0.2175675928592682,
      0.178567573428154,
      0.16368062794208527,
      0.13871803879737854,
      0.12011399865150452,
      0.11221172660589218,
      0.10773581266403198,
      0.09669859707355499,
      0.0944816842675209,
      0.09196741133928299,
      0.08979727327823639,
      0.08827637135982513,
      0.08715678006410599,
      0.08670791983604431
    ],
    "val_sym": [
      0.3468477427959442,
      0.2851961851119995,
      0.2360524982213974,
      0.22364476323127747,
      0.20320658385753632,
      0.18666444718837738,
      0.17907901108264923,
      0.1732548177242279,
      0.172343447804451,
      0.1695943921804428,
      0.16777482628822327,
      0.16798202693462372,
      0.16651701927185059,
      0.16465690732002258,
      0.16473506391048431
    ]
  },