{
  "fno_asym_only": {
    "asym": 0.04274652525782585,
    "sym": 0.2049054056406021
  },
  "fno_mixed": {
    "asym": 0.08776499330997467,
    "sym": 0.046401187777519226
  },
  "siren_asym_only": {
    "asym": 0.07067395746707916,
    "sym": 0.13944000005722046
  },
  "siren_mixed": {
    "asym": 0.07688603550195694,
    "sym": 0.07853579521179199
  },
  "n_params_siren": 19226
}