{
  "train": [
    0.7591519080797832,
    0.26236817105611165,
    0.21192845753828685,
    0.18484361704190572,
    0.15980297764142354,
    0.15092881298065186,
    0.139485093553861,
    0.13182366488377253,
    0.12402493896087011,
    0.12436113965511322,
    0.11561287373304367,
    0.10954172831773758,
    0.09885813631614049,
    0.099407494922479,
    0.09396268504858017,
    0.08701464688777924,
    0.08425298557678858,
    0.08003022267421087,
    0.07592857430378595,
    0.07269221433003743,
    0.07090030572811762,
    0.06815579464038213,
    0.06637792456150055,
    0.0650049298008283,
    0.06427080947160721
  ],
  "val_asym": [
    0.3428865671157837,
    0.22589866816997528,
    0.200721874833107,
    0.16648522019386292,
    0.15301239490509033,
    0.13751350343227386,
    0.13873672485351562,
    0.13445790112018585,
    0.12418077886104584,
    0.12582923471927643,
    0.120296910405159,
    0.10342320054769516,
    0.10572055727243423,
    0.10922378301620483,
    0.0934402197599411,
    0.09107553958892822,
    0.09282020479440689,
    0.08342178165912628,
    0.0810653567314148,
    0.08059705793857574,
    0.08037052303552628,
    0.07881534844636917,
    0.07750916481018066,
    0.07691920548677444,
    0.07688603550195694
  ],
  "val_sym": [
    0.3332291841506958,
    0.23152358829975128,
    0.19578638672828674,
    0.16616566479206085,
    0.15333561599254608,
    0.14034052193164825,
    0.14122800529003143,
    0.1363159716129303,
    0.12754930555820465,
    0.12444015592336655,
    0.11327887326478958,
    0.10229773074388504,
    0.10352766513824463,
    0.10807884484529495,
    0.09479755163192749,
    0.08987295627593994,
    0.0914393961429596,
    0.08520441502332687,
    0.08277331292629242,
    0.08193519711494446,
    0.08152596652507782,
    0.07947452366352081,
    0.07912983000278473,
    0.07917514443397522,
    0.07853579521179199
  ]
}