{
  "train": [
    0.7970733567873637,
    0.3146466407775879,
    0.26910012010733286,
    0.21491617751121522,
    0.19910978305339813,
    0.191909078001976,
    0.18449064290523529,
    0.17771031951904298,
    0.16859307674566903,
    0.16891695443789165,
    0.15637223064899444,
    0.15768501158555348,
    0.15025947296619416,
    0.1442998540798823,
    0.1420392516652743,
    0.1365894337495168,
    0.1318315566976865,
    0.12652978066603343,
    0.12279436274369558,
    0.11929337501525879,
    0.11413277099529902,
    0.11014284257094065,
    0.10712069896856943,
    0.10447715212901433,
    0.10278333389759063
  ],
  "val_emb": [
    0.31747931241989136,
    0.3013576567173004,
    0.24244624376296997,
    0.22785884141921997,
    0.21502217650413513,
    0.1999080628156662,
    0.19362039864063263,
    0.18869395554065704,
    0.19954729080200195,
    0.17783208191394806,
    0.17429755628108978,
    0.17211994528770447,
    0.1637790948152542,
    0.16184452176094055,
    0.15685491263866425,
    0.15526531636714935,
    0.1499251276254654,
    0.14732056856155396,
    0.1469246745109558,
    0.1458597630262375,
    0.14478497207164764,
    0.1436685472726822,
    0.14460289478302002,
    0.1441534161567688,
    0.14438621699810028
  ],
  "val_asym": [
    0.31041857600212097,
    0.3041650652885437,
    0.2608465254306793,
    0.25459593534469604,
    0.21230918169021606,
    0.20601047575473785,
    0.21277038753032684,
    0.1987251341342926,
    0.19179359078407288,
    0.18328067660331726,
    0.18644817173480988,
    0.1835968792438507,
    0.17800183594226837,
    0.17909513413906097,
    0.17174537479877472,
    0.16544993221759796,
    0.16380588710308075,
    0.15770474076271057,
    0.15839476883411407,
    0.1589994579553604,
    0.15692941844463348,
    0.15441690385341644,
    0.15393900871276855,
    0.15575352311134338,
    0.157512366771698
  ],
  "val_sym_euler": [
    0.31232354044914246,
    0.28845229744911194,
    0.2386559545993805,
    0.21371963620185852,
    0.1880650818347931,
    0.18237294256687164,
    0.1789117455482483,
    0.17376989126205444,
    0.16058917343616486,
    0.16158564388751984,
    0.15916429460048676,
    0.15534406900405884,
    0.15231668949127197,
    0.15309935808181763,
    0.14510396122932434,
    0.14441277086734772,
    0.13952866196632385,
    0.13815851509571075,
    0.13756021857261658,
    0.13567014038562775,
    0.13550139963626862,
    0.13489097356796265,
    0.13397358357906342,
    0.13475699722766876,
    0.13499554991722107
  ],
  "val_sym_smooth": [
    0.3429456353187561,
    0.30039888620376587,
    0.24968348443508148,
    0.21367360651493073,
    0.191192626953125,
    0.20363682508468628,
    0.18536105751991272,
    0.1747792661190033,
    0.1635948270559311,
    0.17371849715709686,
    0.16602198779582977,
    0.16209885478019714,
    0.16155053675174713,
    0.15791702270507812,
    0.15002194046974182,
    0.15329867601394653,
    0.14503446221351624,
    0.14282256364822388,
    0.14172710478305817,
    0.1402992457151413,
    0.14145013689994812,
    0.1401575654745102,
    0.14102856814861298,
    0.14149904251098633,
    0.14205457270145416
  ]
}