{
  "n_eval": 5000,
  "rl2_G_mean": 0.04369593411684036,
  "rl2_eps_mean": 79371.4921875,
  "ring_rl2_mean": 0.0033021026756614447,
  "ssim_G_mean": 0.9956455230712891,
  "ssim_eps_mean": 0.9716247916221619,
  "expansion_auc": 1.0,
  "A_recovered_mean": 324769.0625,
  "A_relative_err": 1064750.25
}